,product_sub_group_id,product_sub_group_coef_sales,sale_date_id,reg_date_count,cheque_id_x,cheque_id_y
0,0,20.48910312589034,26,2,1118,4238
1,1,155.87186118491402,28,0,17796,11716
2,2,155.53358544389906,28,0,4580,4849
3,3,201.61776987112873,28,0,7465,11688
4,4,97.19059392927706,28,0,1567,1479
5,5,141.03529911032118,28,0,4862,3576
6,6,6.322367111092143,28,0,684,35285
7,7,1874.974548996391,28,0,65755,91916
8,8,236.968423627686,28,0,10707,8624
9,9,271.1799515935373,25,3,1479,539
10,10,246.18005162721877,28,0,3599,3355
11,11,114.44247496339383,25,3,1703,2414
12,12,237.43437876152453,28,0,2807,5321
13,13,153.1964269460542,18,10,239,295
14,14,60.994993742177726,13,15,171,235
15,15,44.96399035869517,10,18,46,119
16,16,33.26950097134194,12,16,49,130
17,17,127.33372514110394,14,14,693,596
18,18,1150.513762688401,28,0,7666,1704
19,19,159.47218155655048,27,1,9317,12565
20,20,73.44254455161452,28,0,1185,2898
21,22,89.4921619890138,21,7,2011,6476
22,23,382.4751990245413,28,0,18589,14105
23,24,445.26642613408114,28,0,7444,8732
24,25,1124.2386586475443,28,0,15978,15573
25,26,204.4662343721841,28,0,7890,11280
26,27,2963.1965837919133,28,0,20638,36211
27,28,333.6507936507937,26,2,67,24
28,30,162.5,4,24,4,55
29,31,20.0,1,27,1,32
30,33,-33.33333333333333,1,27,1,8
31,34,1566.1932329746191,28,0,3458,240
32,35,39.859788359788354,10,18,12,58
33,36,205.0559011550391,22,6,72,167
34,37,2561.4083249717924,28,0,2385,195
35,39,687.6904761904763,24,4,247,34
36,41,160.0,7,21,8,4
37,42,998.53125,28,0,144,20
38,43,2295.0719894823815,26,2,4538,1710
39,103,594.8018652245366,28,0,53869,16122
40,104,564.7169509012007,28,0,4627,9396
41,105,759.0757330821997,28,0,10597,6808
42,106,202.62521584837492,28,0,4240,4300
43,107,25.47252154479122,25,3,195,811
44,108,172.40482164790802,24,4,714,2206
45,109,314.4600143550779,28,0,4594,3740
46,110,167.2351630789355,28,0,2392,2435
47,111,167.31990938249595,28,0,4817,3413
48,112,405.3989734832553,27,1,1373,819
49,113,790.0095737304541,28,0,15787,9321
50,114,377.37176450730254,28,0,12222,6536
51,115,483.1293783845884,28,0,3113,4030
52,116,495.1021677672528,28,0,8335,7833
53,117,16191.480398221634,28,0,64793,31978
54,118,301.5097209028109,28,0,7967,5117
55,119,1476.0775603204447,28,0,11899,9426
56,120,506.35642076072577,28,0,38409,21779
57,121,597.8056036233838,28,0,3175,2622
58,122,304.46348631331625,28,0,2490,4887
59,123,19.419238299402657,20,8,119,883
60,124,17.39793484698406,28,0,5671,143784
61,125,82.48555546329867,28,0,15678,168228
62,126,89.72881225337508,28,0,35409,63243
63,127,4.214755797778678,28,0,3401,114749
64,128,1.3703645115015177,28,0,421,21343
65,129,22.46553172541054,28,0,5432,128059
66,130,104.99292488561593,28,0,4146,35987
67,131,88.92573199614901,28,0,40158,56580
68,132,2.5580701522180846,24,4,98,4328
69,133,13.883087388473118,28,0,158,778
70,134,165.11362712515785,25,3,1185,4159
71,135,1.20864729872406,21,7,53,10338
72,136,141.23790680838195,28,0,481,5892
73,137,17.69147155836423,12,16,87,742
74,138,91.33416001319418,16,12,1999,2285
75,139,552.0606883063248,28,0,7855,2984
76,140,39.470562429957425,13,15,353,1009
77,141,411.9902239254709,28,0,4861,1730
78,142,170.45264863839154,24,4,4659,3707
79,143,3916.648066395614,28,0,12904,10829
80,144,17.59669148176163,8,20,19,321
81,145,127.32946620811107,28,0,1810,2582
82,146,12.489027176527175,10,18,47,428
83,147,5249.761883042728,28,0,14635,2199
84,148,37.164051713043754,8,20,33,2837
85,149,225.32426694993256,28,0,2887,2099
86,150,10.720891002581142,2,26,4,84
87,155,3318.3068679572193,20,8,837,453
88,156,13.854341736694678,10,18,18,153
89,157,15.83531274742676,2,26,2,40
90,158,150.26566517709696,28,0,6082,31073
91,159,525.4530283127662,28,0,4873,7251
92,162,37.979332201176405,25,3,126,1191
93,165,7.058159232072276,1,27,1,116
94,166,19.70267180164242,28,0,1568,15542
95,170,8.063006328713666,28,0,102,1190
96,175,345.5828842276599,28,0,2686,3858
97,178,1.6,2,26,2,125
98,183,-3.6997885835095135,3,25,3,84
99,186,8.333333333333332,2,26,2,25
100,192,3.9468770185948694,24,4,91,1811
101,193,5.491946778711485,2,26,4,108
102,198,158.7433394327794,28,0,184952,120122
103,199,425.0744934710092,28,0,136119,91005
104,200,1648.923629496224,28,0,62619,46114
105,201,419.11547049492214,28,0,96284,176113
106,202,308.98153574110984,28,0,34679,23375
107,203,1688.2322845287335,27,1,20021,3214
108,205,163.32083964403807,28,0,14547,33022
109,206,129.712659740675,28,0,199384,288989
110,207,397.965357688228,28,0,464510,262733
111,208,384.0081722366051,28,0,163491,146042
112,209,157.9275307350525,28,0,54351,107958
113,210,6.178749822769823,13,15,133,4072
114,211,2423.962549620803,28,0,69310,19162
115,212,809.840534103853,28,0,23053,15945
116,213,1378.7691229594616,28,0,7363,5830
117,214,10443.382031595163,28,0,5456,4141
118,215,166.36775748863883,17,11,83,237
119,216,3062.6449746093385,28,0,6653,1622
120,217,2323.7271166941823,28,0,18622,9811
121,218,3816.8609903658985,28,0,1832,564
122,219,1876.3591021495763,28,0,3259,1424
123,220,3703.870030403446,28,0,14010,7529
124,221,34.88745966204257,11,17,109,387
125,222,1022.2836248433474,28,0,697,1381
126,223,12.5,1,27,1,538
127,224,107.14285714285714,8,20,30,71
128,225,1420.6457822951968,28,0,2477,2384
129,226,2750.444874980248,28,0,1558,519
130,229,3900.6035420725334,28,0,8517,5022
131,230,5569.196278566349,28,0,3312,797
132,231,1844.8326946986017,28,0,42504,39972
133,232,1064.731684461791,28,0,1206,466
134,234,696.4662423935753,28,0,5711,5843
135,235,-2.083333333333333,1,27,1,273
136,236,7216.287659587462,28,0,13505,8448
137,237,795.029618675359,28,0,5607,3647
138,238,411.15104857892965,28,0,984,3186
139,239,18.719655616207337,8,20,33,167
140,240,1892.4117946185013,28,0,2025,720
141,241,3182.997079749448,28,0,2575,368
142,242,18.181818181818183,6,22,8,44
143,243,1350.53191781471,27,1,2091,2034
144,244,501.6050685742396,28,0,5184,2654
145,245,5579.903862371394,28,0,1620,181
146,246,1218.035939264764,28,0,18821,6322
147,247,2.71589081271779,12,16,83,2059
148,248,7077.556768374578,28,0,105781,44209
149,249,29546.624737857896,28,0,13024,2067
150,252,1000.9558541280785,28,0,8767,2798
151,253,1865.998984963131,27,1,2770,1107
152,254,526.8548946812831,18,10,1853,1755
153,255,56884.020535402706,28,0,6559,4812
154,256,96.96414330918137,28,0,5278,7066
155,257,93.53691175149469,24,4,2583,4684
156,258,19.910714285714285,8,20,31,163
157,259,7112.395322095786,28,0,1173,784
158,260,3.8651587866155146,13,15,60,1310
159,261,153.92486478493922,9,19,589,974
160,262,392.06402411769994,28,0,2335,5132
161,263,185.13598195222767,28,0,15409,11376
162,264,110.11386684080162,21,7,1256,4528
163,265,165.50244408032432,24,4,2848,3449
164,267,87.93581325286456,23,5,1237,2786
165,268,227.87565165700676,23,5,899,508
166,269,102.3338483534954,28,0,1509,4713
167,270,217.80584333042142,28,0,12691,19870
168,272,484.4658143332697,23,5,2208,9512
169,273,4738.07029332679,28,0,40561,22083
170,275,798.4807455437256,24,4,7358,2645
171,277,18.31395348837209,6,22,21,86
172,278,52.63275946710003,10,18,175,310
173,279,1487.1747839834877,28,0,4790,2555
174,280,108.50571179646474,12,16,780,1693
175,282,1698.90225619129,28,0,24114,27547
176,283,140.48307705810427,16,12,3228,3371
177,286,2.6865671641791042,8,20,27,603
178,290,1787.5668987438962,28,0,2711,280
179,291,1865.1370851853303,27,1,6041,6619
180,292,11604.649953405124,28,0,8032,3717
181,293,501.6464208629956,28,0,3617,2537
182,294,1763.727235748557,28,0,5260,2817
183,296,8196.01704637146,28,0,1383,1152
184,299,36.777778009850884,12,16,159,1348
185,300,289.4792463092958,28,0,2912,1624
186,301,11009.10169008187,28,0,2372,125
187,302,5.131453911941717,3,25,10,195
188,303,27506.939051878064,28,0,10922,3665
189,304,28.05956765054487,13,15,72,842
190,305,107.42832398699102,14,14,274,408
191,306,164.36013509203806,14,14,310,749
192,307,2956.0837404674703,28,0,1702,3525
193,308,1003.5923357957167,28,0,1192,2751
194,310,3980.8764910374794,28,0,210,669
195,311,141.7093554198746,11,17,336,514
196,312,619.6144887611417,28,0,7308,7610
197,313,152.43900872318622,23,5,1217,655
198,314,78.31909206566509,28,0,983,2922
199,315,218.09858275334938,28,0,4768,9245
200,316,160.0,27,1,154,11
201,317,16.202815687487384,22,6,175,948
202,318,2379.632589755589,28,0,11367,5186
203,319,278.4246785507498,28,0,6236,7563
204,320,97.57987999808411,21,7,1261,1754
205,321,570.908018388821,26,2,2315,1330
206,322,4687.0047136489375,25,3,297,776
207,324,1498.1396739278935,28,0,6828,2065
208,325,172.15337520366663,28,0,14568,18306
209,327,146.89655530213273,28,0,12044,17948
210,328,86.30579745786723,24,4,1283,8995
211,332,1636.7399267399267,15,13,409,26
212,333,1674.8682985064277,28,0,7356,1437
213,335,696.5432195803639,27,1,948,2640
214,336,1001.1598853773289,25,3,1263,328
215,337,246.3366197167832,28,0,13352,17817
216,339,3811.8538727077994,28,0,54479,29413
217,340,1724.0162868896475,28,0,11847,3507
218,341,131.8506792471905,28,0,10120,11381
219,342,621.025919617224,28,0,6601,7371
220,343,510.8847524954617,28,0,5338,10700
221,346,2455.4057734204794,28,0,292,83
222,347,1408.2208540606603,28,0,10202,3651
223,348,5657.593557037812,28,0,7322,3411
224,349,29974.867759503024,28,0,5417,99
225,350,438.3497010829357,19,9,2352,1608
226,351,3.9583058450982973,9,19,30,689
227,353,11935.010712127021,28,0,7946,1154
228,354,10755.572731149146,28,0,16844,6145
229,355,34153.989007580734,28,0,82648,17741
230,356,486.8959331339157,24,4,2078,2554
231,357,7.142857142857142,1,27,1,15
232,359,3605.6203279549736,28,0,1280,1518
233,360,226.65955216358785,23,5,1755,2211
234,361,144.13338751939853,17,11,554,536
235,362,114.81096836588368,17,11,455,1516
236,363,404.79198102315837,27,1,6034,4291
237,365,4562.006549457707,28,0,7354,3397
238,366,3.882374119277555,10,18,27,856
239,367,60.37845357790484,19,9,469,5539
240,368,3004.70640844192,28,0,26597,12842
241,369,9.105239053796424,9,19,23,280
242,371,439.5189496634617,28,0,2949,2223
243,372,17011.814715914108,22,6,4091,537
244,373,532.6917366930517,14,14,1325,427
245,376,5.907709908914704,12,16,57,1249
246,378,419.96156208511957,28,0,16193,6794
247,379,1.868942348534579,11,17,22,893
248,380,29722.731864806115,28,0,79674,22477
249,381,19424.605328700134,28,0,11547,13529
250,382,0.46924752807105746,2,26,2,506
251,383,9.209605726749011,28,0,4069,23640
252,384,447.14721871799895,28,0,25580,31737
253,385,557.9571454286886,27,1,4017,14163
254,386,149.00695971465817,27,1,3795,8740
255,387,6.923593395651766,15,13,172,4724
256,388,4501.704677716855,28,0,22540,9227
257,391,383.1313701434468,28,0,11186,19622
258,392,150.52628104128294,28,0,1865,8647
259,393,170.06534303560778,17,11,429,2820
260,395,5020.936199790329,28,0,63767,33133
261,396,117.50464459143264,20,8,1806,1802
262,398,11409.844989949124,28,0,8774,13966
263,399,33844.94432681286,28,0,4784,8266
264,400,191.99415860490652,15,13,652,1292
265,401,5.567264844032278,10,18,43,722
266,402,10.541600116160883,11,17,66,582
267,403,40.56058320764203,10,18,59,171
268,404,3.312211778786919,16,12,97,2785
269,405,7.55756324956786,28,0,425,2631
270,408,3.1072843855533114,21,7,97,3974
271,409,2.035637075162849,28,0,483,16037
272,411,3.8874062485453615,5,23,16,584
273,413,2.8621658006500392,22,6,167,6031
274,414,2.39139220814873,10,18,56,1847
275,415,869.0337492625836,28,0,10654,17283
276,416,2.6881720430107525,3,25,5,155
277,417,6.451612903225806,2,26,2,31
278,418,23.845512015446815,13,15,86,810
279,421,3.1784841075794623,7,21,13,409
280,423,1357.1265391830716,28,0,10675,7974
281,424,102.45541388213383,28,0,11446,19200
282,425,3366.1656071268053,28,0,947,762
283,426,402.7947667540756,18,10,2189,4816
284,427,402.667572955131,25,3,12353,6371
285,428,8.680555555555557,2,26,5,48
286,429,740.5921439919973,28,0,19012,8681
287,430,270.9684649112075,15,13,697,260
288,431,7177.235394181561,28,0,1581,828
289,432,1404.5119443236672,28,0,2021,1152
290,433,2458.348950935231,28,0,5994,5696
291,434,132.06098484757504,13,15,583,4076
292,435,96.48264619585139,23,5,3326,10845
293,436,103.06640488322225,23,5,2302,4731
294,437,127.93246764593975,16,12,539,540
295,438,7.207207207207207,8,20,32,444
296,439,136.68000323603937,21,7,573,3035
297,440,149.23524197225112,28,0,25074,32509
298,441,1.4736592844420555,14,14,34,1428
299,442,5.542131422048161,5,23,10,289
300,443,2.1278987909866753,11,17,42,1557
301,444,49.47836585044767,28,0,1768,4582
302,446,130.79313740027814,11,17,640,649
303,447,20932.779306756835,28,0,11119,5579
304,448,596.8424643776822,27,1,685,164
305,450,66.67877094852427,11,17,210,366
306,451,24263.905983259167,28,0,29376,9680
307,452,829.0200368470948,28,0,9825,4254
308,453,450.8355826060176,26,2,1957,900
309,454,20946.026056709008,28,0,12351,2906
310,457,5972.650427050636,28,0,4641,1652
311,465,194.01431257380509,15,13,201,274
312,467,49.4426638880349,28,0,407,1115
313,470,6822.164244532771,28,0,2470,756
314,476,-50.0,1,27,1,2
315,477,19.074066660661597,27,1,919,3859
316,480,11.319174709932739,8,20,32,299
317,481,243.1925800913882,22,6,527,734
318,482,2047.2941184261304,28,0,1340,748
319,483,458.4163755106815,27,1,1590,756
320,484,231.65275170975804,28,0,2048,1737
321,485,32.4750593581403,24,4,2437,5565
322,486,206.29562505773288,28,0,8138,6038
323,487,1172.6755696213058,28,0,27853,28994
324,515,-0.05662514156285391,1,27,1,1803
325,520,-0.01856665428889714,1,27,1,5395
326,521,-0.012708095056551023,1,27,1,2649
327,525,-0.0876424189307625,1,27,1,1154
328,539,-0.03602305475504323,1,27,1,2846
329,545,-0.032605151613955004,1,27,1,3088
330,546,-0.05167958656330749,1,27,1,718
331,556,-0.026838432635534086,1,27,1,3729
332,557,-0.6944444444444444,1,27,1,1615
333,565,-0.06049606775559589,2,26,2,3458
334,568,-0.0373134328358209,1,27,1,2701
335,569,-0.009219988936013277,1,27,1,5869
336,578,-0.010220768601798855,1,27,1,9784
337,580,-0.1004016064257028,1,27,1,1696
338,609,-0.029222676797194622,1,27,1,1810
339,616,-0.043706293706293704,1,27,1,2351
340,643,-0.07153075822603719,2,26,2,2823
341,672,-0.05025125628140704,1,27,1,1889
342,684,-0.07867820613690008,1,27,1,1387
343,708,-0.03685277317118113,2,26,2,3641
344,711,0.8084668226045137,11,17,30,4588
345,712,2.0471484635137838,25,3,70,2979
346,713,528.6112590786628,28,0,4760,15906
347,714,113.0363138463333,28,0,3601,8082
348,715,448.2192399000639,28,0,3049,1771
349,716,339.1357780337868,28,0,372,626
350,717,1309.5243771475539,28,0,4387,13590
351,718,971.7489765573587,28,0,4888,7160
352,719,45.73115933544347,16,12,824,4981
353,720,516.2661957723557,28,0,4872,4985
354,721,249.98081830283388,26,2,15407,10347
355,723,2814.901628689849,28,0,5928,771
356,724,296.7293596315013,20,8,652,568
357,725,867.9064364298376,25,3,2628,732
358,726,662.8251732792169,28,0,1000,500
359,727,83.62850522136301,18,10,195,512
360,728,693.9395024563912,27,1,400,600
361,729,6239.805643465447,28,0,23639,4429
362,730,174.70385272211618,27,1,5900,13303
363,731,7.013686076743612,28,0,1726,11181
364,732,244.97093846704993,25,3,7029,5533
365,733,1402.7554162102215,28,0,2083,1720
366,734,6401.878552287131,28,0,12386,2608
367,735,4316.03263708136,28,0,4462,443
368,736,17.621951219512194,6,22,17,82
369,738,413.27623058261565,28,0,841,393
370,739,12.213740458015266,5,23,16,132
371,740,637.43374501039,17,11,553,454
372,741,73.24571979744393,11,17,27,51
373,744,80.2782199684173,18,10,214,1079
374,745,220.19853553120396,26,2,429,1232
375,746,410.8977728398203,28,0,775,323
376,747,159.10262821714818,28,0,476,537
377,748,460.3949857144287,28,0,1594,1528
378,750,42.83660063220662,10,18,42,189
379,751,2252.9814238599597,28,0,12913,5395
380,752,64.45615922596919,28,0,1536,7037
381,753,5090.784993621628,28,0,3348,6172
382,754,620.5006656255349,27,1,1179,1765
383,755,980.5216866293849,28,0,7873,3042
384,756,13.37962962962963,7,21,17,108
385,757,53.62687779842222,28,0,3281,3060
386,758,16.706086573884743,10,18,53,319
387,759,27.801958926390782,8,20,17,74
388,760,89.63862224731791,9,19,25,30
389,761,22329.0055789868,28,0,7654,3782
390,762,22.88786482334869,4,24,7,96
391,763,365.4938439192272,19,9,151,212
392,764,2315.0325657623675,27,1,5923,631
393,765,126.66666666666666,4,24,7,18
394,768,-233.33333333333331,2,26,2,15
395,774,8.159330054377072,24,4,142,10008
396,775,7.749804839968774,8,20,11,153
397,777,858.5223132406087,28,0,3123,403
398,778,347.2370766488413,21,7,50,19
399,779,280.54364901061734,26,2,1009,282
400,780,689.8180296508847,27,1,662,250
401,782,5.338224845346373,21,7,152,4652
402,783,793.016479444752,28,0,633,141
403,784,50.0,2,26,3,13
404,785,2226.984350261844,28,0,787,219
405,786,1216.6433790224112,28,0,559,225
406,788,4535.616821915313,28,0,1813,145
407,789,806.5747882840025,28,0,1998,300
408,790,500.0,19,9,36,4
409,793,143.9544807965861,20,8,75,24
410,794,909.0909090909091,13,15,19,1
411,795,3638.7058576306804,28,0,468,152
412,799,1403.703703703704,28,0,149,9
413,801,47.79620181405896,6,22,14,112
414,802,1923.5377956605837,28,0,4070,2377
415,803,476.47058823529414,9,19,49,4
416,805,3101.497215156971,28,0,19931,3828
417,806,1658.296144846258,28,0,2402,1348
418,810,5700.732715112464,17,11,925,607
419,814,25.557645523778525,10,18,29,167
420,821,37.976190476190474,4,24,6,61
421,824,13.16506630006995,25,3,196,2159
422,825,99.15343915343915,4,24,9,53
423,827,32.261014630136934,13,15,52,239
424,828,37.034994224291985,28,0,385,891
425,831,169.45545815984926,28,0,2113,9165
426,832,2.7777777777777777,1,27,2,45
427,833,172.81819720133984,28,0,972,3325
428,835,776.374709909889,28,0,15143,19387
429,840,14.778891795020826,10,18,26,242
430,841,6.648449665997326,15,13,75,1296
431,843,386.08739646280503,23,5,1310,1732
432,846,10.950943430838043,7,21,17,433
433,847,1137.0058574615734,22,6,584,992
434,850,575.0650899094486,28,0,7311,8375
435,851,614.2177150683694,28,0,18530,660299
436,852,2117.9642406940334,27,1,4004,16044
437,853,100.0,1,27,1,4
438,854,95.05913546681626,17,11,306,1022
439,857,26.21458087367178,10,18,22,216
440,859,44.43729196729197,11,17,77,519
441,860,36.364574123194814,8,20,24,247
442,861,34.92599731295432,15,13,81,854
443,865,1942.7684598148344,22,6,139,389
444,869,141.67048478561838,23,5,78,465
445,872,8.922239251333913,23,5,656,13314
446,875,73.80647523733975,20,8,270,1906
447,884,-100.0,1,27,1,1
448,885,5.760667599298635,28,0,662,11706
449,886,39.795039909634696,7,21,23,117
450,887,12.518253219057994,11,17,36,1291
451,888,320.8366711635307,28,0,3606,3347
452,890,160.07672993748676,18,10,569,897
453,896,0.28997720965656903,8,20,273,97725
454,899,0.44803817603393425,4,24,4,1072
455,919,-100.0,1,27,1,1
456,921,45.58564452898452,6,22,21,56
457,923,6.051515151515152,3,25,8,161
458,924,42.87717738610595,8,20,29,89
459,925,391.3010435796163,28,0,23975,5877
460,926,92.48131940032066,25,3,2129,5570
461,927,4467.6778406009325,28,0,49983,11585
462,928,86.58202066041946,25,3,1415,2226
463,929,326.1465324324732,28,0,9255,5158
464,930,173.36231152943728,22,6,2224,1477
465,931,178.52213666442964,27,1,9394,9015
466,932,6.997929606625259,6,22,13,182
467,933,484.4374842703922,28,0,21028,4214
468,934,16.70441742637642,14,14,186,1911
469,935,97.4997016018445,20,8,530,651
470,936,114.06207498645536,28,0,2362,4729
471,937,-114.41647597254006,2,26,2,11
472,938,24.560101207975084,8,20,35,199
473,941,10106.701310291975,28,0,9336,5267
474,942,4.965276884160834,13,15,139,2622
475,943,45906.830119728795,28,0,59794,88074
476,944,1.1965334783575816,28,0,885,65979
477,947,36.616072764251406,13,15,52,551
478,948,13.858855091147548,15,13,202,1093
479,949,190.2348123459161,10,18,467,980
480,950,33.82358779971269,9,19,29,302
481,951,14.544815166329656,12,16,98,759
482,952,6.677777256753366,17,11,347,4929
483,953,45582.88253896548,28,0,35461,25935
484,954,7.383648636143299,14,14,85,1235
485,955,236.1472081235205,10,18,36,334
486,956,8.12916307101899,12,16,28,260
487,957,2223.9287205908277,28,0,4582,6586
488,960,30.207302242934016,15,13,72,707
489,961,30.809064897819162,14,14,80,347
490,962,2001.5167374190694,28,0,1470,1491
491,963,124.39237238966395,28,0,16766,15562
492,964,91.46986843538568,3,25,6,195
493,966,17.374727668845317,8,20,17,45
494,968,95.63149013499479,12,16,80,158
495,969,72.00999929949171,12,16,132,305
496,973,50.0,1,27,3,12
497,976,141.96390492536537,13,15,99,95
498,980,56.578947368421055,8,20,20,103
499,982,166.66666666666666,1,27,4,4
500,985,162.2077014024923,28,0,1140,1370
501,986,85.16684402843164,28,0,3636,4550
502,987,46.87311539922483,6,22,11,43
503,988,113.1498775339566,27,1,292,577
504,989,150.15147388643462,26,2,351,399
505,993,40.773585840139475,28,0,1691,4020
506,994,364.6943412059657,28,0,2293,1216
507,995,26.43719675598674,28,0,611,1229
508,996,632.9153472550813,28,0,2445,736
509,997,465.6310977445768,28,0,483,536
510,998,309.9027588699334,28,0,2177,3535
511,999,41.49591149591149,8,20,31,154
512,1000,38.04545454545455,6,22,10,54
513,1002,400.0,5,23,13,2
514,1005,6.0606060606060606,2,26,2,71
515,1009,-75.0,3,25,3,4
516,1010,100.0,1,27,1,4
517,1012,115.39432789432789,28,0,545,452
518,1013,164.09652398735994,28,0,507,296
519,1014,258.2708020309517,28,0,6366,8606
520,1015,668.5148912529344,28,0,3232,1417
521,1016,248.11095273996617,28,0,2839,4984
522,1017,425.87156893545307,26,2,574,529
523,1018,421.2721739993792,28,0,16800,13006
524,1020,1306.6666666666667,10,18,14,3
525,1021,14.732754791211903,11,17,27,323
526,1022,59.02777777777778,7,21,8,28
527,1023,67.93154761904762,9,19,19,47
528,1024,99.68956429378278,28,0,4131,6107
529,1027,6.9306930693069315,4,24,7,101
530,1029,42.33081245084484,11,17,79,201
531,1030,5.218613213261141,20,8,245,4023
532,1031,6.199953965342642,8,20,52,1182
533,1032,287.62817738467476,28,0,2107,2351
534,1034,-0.04752506897162135,1,27,1,4211
535,1047,327.1851309666963,20,8,2093,618
536,1048,134.16666666666666,6,22,13,34
537,1049,3065.80389938717,28,0,1455,663
538,1052,103.03713998516047,25,3,2741,10044
539,1053,271.6627454142391,28,0,28646,22542
540,1054,383.95636651008493,28,0,12115,7659
541,1056,110.67944197260462,28,0,10489,10079
542,1058,107.08161133478276,23,5,4923,5430
543,1059,87.43302425702986,28,0,17063,25153
544,1062,135.97738599399653,12,16,94,201
545,1070,25.0,2,26,2,8
546,1074,50.70682338076587,26,2,150,210
547,1075,6.035198545908834,28,0,895,27864
548,1078,148.81529743961536,15,13,1249,718
549,1079,10.85743894169368,18,10,59,614
550,1081,180.28560753470867,19,9,1061,540
551,1082,2.658946502361827,7,21,17,809
552,1085,1148.3204016214063,28,0,2436,784
553,1086,544.5003719191025,23,5,334,135
554,1087,20183.7526546606,28,0,66259,38383
555,1088,3.5693061952161638,21,7,186,4572
556,1089,40.788510800958285,28,0,23599,41172
557,1090,1987.6827794686717,24,4,3247,2965
558,1091,7524.323359160736,28,0,10964,2027
559,1092,12445.22628157123,28,0,8328,939
560,1094,2384.611464736663,28,0,23239,4978
561,1095,2098.052491490843,28,0,5733,3006
562,1096,1724.0796770295203,28,0,3150,1390
563,1097,9823.510986048474,28,0,31199,3260
564,1098,3.1744500582663924,28,0,4084,12314
565,1099,14.881339205157575,8,20,48,463
566,1100,3695.4143832822774,28,0,3038,1500
567,1101,6499.092576464416,28,0,3229,3525
568,1102,930.7135924401118,28,0,829,280
569,1103,2286.9870032557037,28,0,5159,3949
570,1104,555.8446878549915,28,0,4857,1500
571,1105,20.0357805010503,15,13,93,2837
572,1106,93.36085105149351,17,11,174,357
573,1107,1793.86977683978,28,0,11464,3196
574,1108,1099.8729144406605,28,0,4456,2841
575,1109,920.3731155237554,27,1,580,832
576,1110,12.91390728476821,9,19,39,318
577,1111,80.0,5,23,8,11
578,1112,128.19071232647866,28,0,4422,7715
579,1113,466.8726053318148,28,0,5954,4937
580,1114,17720.197479579947,28,0,58347,46357
581,1115,206.3214596543398,28,0,6525,4925
582,1116,20215.39292635183,28,0,15473,9533
583,1117,157.55709357075733,27,1,1478,9460
584,1118,209.10642146174558,26,2,1615,8282
585,1119,7.065248636460221,15,13,76,2106
586,1120,983.2870822838285,16,12,434,964
587,1121,2.3814243239416677,10,18,29,1009
588,1122,217.13495691488788,28,0,15119,8714
589,1123,509.168874649732,28,0,31324,9391
590,1124,54.96336444845931,11,17,148,247
591,1125,11.122994652406417,5,23,15,226
592,1126,2615.0694585840324,28,0,4551,786
593,1127,2046.262606139026,28,0,1566,2613
594,1128,563.6271233359964,28,0,7227,1640
595,1129,3176.028752673333,28,0,61023,99192
596,1130,86.53038743144107,23,5,1263,3634
597,1131,124.93442433904384,28,0,19827,47280
598,1132,16.615033902267946,15,13,33,251
599,1133,1.0245990166220902,22,6,154,4235
600,1134,103830.60403568984,28,0,216854,112812
601,1135,8153.138708632392,28,0,41520,11751
602,1136,326.554770738725,28,0,44339,23102
603,1137,618.4229665738868,27,1,1521,1850
604,1138,3421.3282805292806,28,0,19984,9999
605,1139,223.35338606918097,28,0,4159,22185
606,1140,23081.85433788641,28,0,128108,88833
607,1141,71.66666666666667,5,23,7,23
608,1142,256.70368041014757,28,0,11547,10575
609,1143,584.2317732612463,28,0,18872,7300
610,1144,132.01123175243183,28,0,522,1055
611,1145,100.43368950345695,16,12,128,779
612,1146,108.7045481555226,28,0,4764,6828
613,1148,241.66666666666666,5,23,7,14
614,1149,929.2176068939924,28,0,1479,3043
615,1150,155.77069398738874,24,4,640,3694
616,1151,2172.1134470844163,26,2,2595,1540
617,1152,18.01796101213151,12,16,72,489
618,1153,20446.400286628163,28,0,6870,3761
619,1154,27.01902581119018,12,16,297,1422
620,1155,343.5133969248133,16,12,777,1423
621,1156,771.6768006570485,25,3,2214,1781
622,1157,131.38354211311838,28,0,316,1422
623,1158,23.100002837730305,12,16,89,655
624,1159,66.59724879811286,19,9,434,2820
625,1160,1707.9560491299362,28,0,22843,18967
626,1161,351.5642395278013,27,1,1656,2061
627,1162,228.42435383873914,28,0,78880,118174
628,1164,504.80916965885206,28,0,935,226
629,1165,3924.2043722337125,28,0,5142,3981
630,1166,421.4614095453479,26,2,528,216
631,1167,44.32234432234433,8,20,15,21
632,1168,5901.253667023958,28,0,14299,1322
633,1169,706.0889588036896,28,0,6331,1670
634,1170,4116.751006702348,28,0,5110,1992
635,1171,115.75644046042031,27,1,3693,3597
636,1172,16.219996880951594,15,13,524,2812
637,1173,29968.70768732918,28,0,34726,5073
638,1174,7577.250562915356,28,0,45774,35208
639,1175,26.60991117212315,11,17,108,439
640,1176,7.544762988840999,11,17,60,922
641,1177,403.51381490224986,28,0,4346,1998
642,1179,12.262528143591615,18,10,182,2330
643,1181,63.14943892400316,26,2,1169,5231
644,1182,44846.17012350256,28,0,6339,2909
645,1183,7.917851142760843,9,19,24,255
646,1184,488.4298615430691,16,12,314,92
647,1185,11.722488038277513,7,21,28,209
648,1186,12.094620195746174,11,17,126,1093
649,1188,23.447499895630102,28,0,4092,5101
650,1189,6.337047634143874,28,0,2636,60766
651,1190,3773.674593471322,28,0,77131,43157
652,1191,52.546947563143,11,17,187,356
653,1192,261109.1144279577,28,0,248373,166905
654,1193,17925.590817357792,28,0,22447,42667
655,1194,130.74551472433677,28,0,5916,10851
656,1195,823.5306106949868,28,0,10127,11554
657,1196,104.5104389785276,28,0,17314,9325
658,1197,398.31977433819776,28,0,72184,64380
659,1198,319.3200626418699,28,0,38589,25619
660,1199,744.7375650413592,28,0,77262,46711
661,1200,478.84187818244095,28,0,31401,9022
662,1201,29512.155523591995,28,0,22307,7501
663,1204,610.9205039741457,28,0,7544,4347
664,1205,5006.510644147438,28,0,2365,449
665,1206,479.0992474037171,28,0,2856,1423
666,1207,5120.747670930049,28,0,2061,41
667,1209,4587.051030453971,28,0,29605,7677
668,1210,673.0497248908473,28,0,2155,1415
669,1211,606.8419791807988,28,0,8741,3314
670,1212,4260.971125899903,28,0,7494,2403
671,1213,177.1591553985013,27,1,466,1058
672,1214,1072.67827727682,22,6,1710,396
673,1215,770.8679598617111,28,0,1896,1636
674,1216,907.2153080275873,25,3,2188,1422
675,1217,37.58699433766164,12,16,149,489
676,1218,79.8864271829148,11,17,169,205
677,1219,242.97691757001033,28,0,341,821
678,1220,1674.63755530248,22,6,1335,497
679,1221,149.7361673414305,17,11,37,69
680,1222,52.08333333333333,10,18,19,16
681,1224,16.666666666666664,1,27,1,6
682,1225,5.640448126692126,10,18,37,589
683,1228,9.005821078431373,9,19,27,262
684,1229,3125.4332702075226,25,3,5573,153
685,1231,29.893637007667532,28,0,242,299
686,1233,11.11111111111111,7,21,8,46
687,1234,1.5246426142631286,19,9,116,5557
688,1235,33.33333333333333,5,23,5,8
689,1237,-20.0,1,27,1,7
690,1239,100.0,3,25,3,13
691,1243,8.266692447890131,18,10,468,5442
692,1245,38.44240421184845,18,10,77,982
693,1248,296.8390571815738,28,0,14138,21620
694,1249,981.2689568860052,18,10,303,2194
695,1250,3.52442767454375,28,0,951,30843
696,1251,7.903410823206843,12,16,66,1314
697,1255,100.0,22,6,52,2
698,1256,90.625,27,1,106,22
699,1257,299.91501822727116,23,5,144,670
700,1259,4.766483295931799,10,18,41,1172
701,1260,407.67340385681086,28,0,6153,6597
702,1263,144.30418717731294,24,4,4890,4552
703,1264,9843.041104485177,28,0,9029,3800
704,1265,220.12356208105527,20,8,2271,2929
705,1266,781.6824997186117,28,0,15077,14026
706,1267,1524.3636880451807,28,0,3246,9594
707,1268,12.065165446544427,10,18,58,483
708,1269,338.52229218060006,23,5,2736,2142
709,1270,107.10526315789474,5,23,19,29
710,1271,4.1336613366133665,14,14,142,3252
711,1272,90.81592078090617,28,0,3866,7589
712,1274,1351.3157894736842,27,1,112,10
713,1276,66.66666666666666,4,24,5,21
714,1278,87.95565904273835,26,2,95,138
715,1279,81.62323037323037,9,19,33,48
716,1280,641.4623885142597,15,13,2091,677
717,1281,21.085027024609268,12,16,51,445
718,1284,16.666666666666664,2,26,3,18
719,1285,7.9191919191919204,10,18,42,495
720,1286,27.67732538039621,22,6,36,553
721,1287,1.7829007802959607,26,2,153,7892
722,1289,10.0,2,26,2,20
723,1290,53.45118093774876,27,1,746,5364
724,1291,478.5875143122517,28,0,5180,5923
725,1292,36.01791142834954,28,0,218,5133
726,1293,304.0853950002443,28,0,1830,1604
727,1295,158.27656335440795,25,3,1116,2841
728,1296,104.83358623487506,18,10,1522,3623
729,1297,554.1924769045631,28,0,16037,21064
730,1298,-3.0051688904916456,1,27,1,222
731,1299,30.682009130076704,28,0,274,4488
732,1300,1145.0576799333585,28,0,10143,25542
733,1301,256.0705351145723,27,1,878,3415
734,1302,46.51901528543803,27,1,307,3433
735,1303,165.99929639463045,22,6,134,324
736,1304,1556.138231207987,28,0,3724,14270
737,1305,33.588396915183665,10,18,46,365
738,1306,305.84863648904536,27,1,1319,2238
739,1307,823.887210313032,28,0,3295,3879
740,1309,11.11111111111111,10,18,11,99
741,1310,16.734279918864097,7,21,9,103
742,1311,163.10057911871988,28,0,935,863
743,1312,243.3023529310743,28,0,715,600
744,1313,333.2367661779426,28,0,406,230
745,1314,17.350282089943327,24,4,80,826
746,1317,2196.8469974842324,27,1,1038,3168
747,1318,758.2103165276886,26,2,491,768
748,1319,1517.5959599780688,28,0,13992,21976
749,1320,231.03153387476257,28,0,4349,11873
750,1321,424.7607023032609,28,0,1435,4533
751,1322,489.7687696503255,28,0,4746,10930
752,1323,243.46995477761945,27,1,1363,4720
753,1324,5.32951532510038,28,0,648,9468
754,1325,97.04736981999716,28,0,2241,8977
755,1326,1303.8362305126388,28,0,462,687
756,1327,3822.2201921794795,28,0,2371,635
757,1329,61.06541829380014,28,0,199,1716
758,1330,404422.02391488384,28,0,5196,4
759,1331,30.62128097783983,28,0,5266,38035
760,1332,3544.9447021160895,28,0,41003,10982
761,1333,408.1835827325742,16,12,749,858
762,1334,78.16184945315787,12,16,179,247
763,1335,49.162335154336176,28,0,1688,8144
764,1337,16.079182588815854,22,6,61,568
765,1338,8.46279931104393,28,0,820,12487
766,1339,8.63974870092073,28,0,409,4599
767,1340,86.77456239859355,24,4,48,433
768,1341,-0.08261049153242463,2,26,2,2421
769,1342,37.61673863849103,28,0,12595,37733
770,1343,84.4159591127307,28,0,9223,21282
771,1344,31.61648368261004,28,0,16307,58064
772,1346,32.03553161078833,19,9,30,205
773,1347,10.104460580579797,28,0,467,3189
774,1348,11.830466212200928,28,0,2155,13975
775,1349,369.4339656588571,28,0,677,3480
776,1350,59.76100253729338,28,0,819,4384
777,1351,8.090043159347236,28,0,823,10045
778,1353,8.263072407804453,28,0,523,5706
779,1354,9.445508890251379,28,0,157,1631
780,1355,8.454974981825952,28,0,343,4017
781,1356,101.86949385953326,13,15,18,79
782,1358,170.53878564860048,28,0,2027,9871
783,1359,303.62188148030856,28,0,9307,8868
784,1360,82.09322701616031,28,0,3924,4115
785,1362,-0.07733952049497293,1,27,1,1293
786,1364,1490.308244345708,28,0,2603,1563
787,1366,25.353848035977588,27,1,257,1005
788,1367,49.361328007227534,28,0,150,1006
789,1368,11.079325021657274,28,0,473,782
790,1369,1504.5498049641217,28,0,5298,1378
791,1370,71.42932159931937,28,0,1484,4535
792,1371,11.16603731290864,10,18,173,964
793,1372,34044.46913440119,28,0,14820,5379
794,1373,239.48176804266862,25,3,7362,3709
795,1374,344.6798321144386,28,0,8789,12341
796,1375,219.61013047983428,13,15,360,156
797,1376,3.556878306878307,3,25,9,166
798,1378,847.8403318931115,28,0,19773,59512
799,1379,1.278048780487805,28,0,3396,345
800,1382,10.933254188101836,8,20,33,259
801,1383,4.813664596273291,10,18,31,434
802,1384,110.68036153990532,16,12,1098,960
803,1385,281.8970880220652,28,0,12618,6941
804,1386,143.77499471824916,16,12,782,533
805,1387,1189.3867924528302,27,1,123,9
806,1389,21.430587682568927,10,18,59,355
807,1390,16.287932629804065,11,17,57,348
808,1391,1987.6549865229108,28,0,195,19
809,1392,89472.95367421933,28,0,20108,6041
810,1393,115.94287150175651,15,13,731,1415
811,1394,193.93825684831234,21,7,1083,2045
812,1395,315.1856539260459,27,1,1646,2155
813,1399,-0.2688172043010753,1,27,1,372
814,1400,18.91982576094726,12,16,39,230
815,1401,6.1936179316094035,28,0,569,682
816,1402,5763.78386826983,28,0,2315,1576
817,1403,108.06043277912997,16,12,294,347
818,1404,143.16865345228928,28,0,3324,1996
819,1405,4.22711153912583,14,14,83,1807
820,1406,74567.74586622104,28,0,7390,1309
821,1407,30.954781105990783,8,20,28,145
822,1411,176.0623259489891,27,1,3205,9104
823,1412,152.8044117055106,15,13,83,114
824,1413,25.368333980585774,13,15,187,1855
825,1414,256.641672229726,28,0,32138,39669
826,1415,11.883725132953575,10,18,39,483
827,1417,254.60453490707758,28,0,13062,11702
828,1418,30.03009322586755,9,19,18,247
829,1419,34.70530930345836,4,24,5,21
830,1421,6.816384914221148,13,15,48,497
831,1427,1548.2142857142858,15,13,51,3
